date,p_level,dp,oil_close,A股航空_idx100,A股能源_idx100,is_event
2024-01-02,0.0138411,,76.04,100,100,False
2024-01-03,,,78.44,99.7512,101.781,False
2024-01-04,,,77.74,98.4781,102.651,False
2024-01-05,,,78.89,97.7431,102.434,False
2024-01-08,,,76.22,95.9671,101.842,False
2024-01-09,,,77.49,98.4897,101.865,False
2024-01-10,,,76.77,98.1113,100.794,False
2024-01-11,,,78.48,98.8854,98.2867,False
2024-01-12,,,78.32,99.5039,98.3783,False
2024-01-15,,,78.74,100.694,99.5167,False
2024-01-16,,,77.93,103.409,99.6764,False
2024-01-17,,,78.1,101.254,98.0833,False
2024-01-18,,,78.93,101.671,97.5577,False
2024-01-19,,,78.57,101.519,97.586,False
2024-01-22,,,79.87,97.5004,96.4237,False
2024-01-23,,,79.71,99.0508,96.059,False
2024-01-24,,,79.81,101.55,99.4093,False
2024-01-25,,,81.8,103.353,108.322,False
2024-01-26,,,82.99,104.603,111.135,False
2024-01-29,,,81.96,102.487,111.532,False
2024-01-30,,,82.4,99.6908,111.532,False
2024-01-31,,,80.72,96.6933,111.548,False
2024-02-01,,,78.83,95.9563,109.118,False
2024-02-02,,,77.4,94.7581,109.156,False
2024-02-05,,,77.92,93.1041,111.776,False
2024-02-06,,,78.76,97.2042,110.034,False
2024-02-07,,,79.41,99.6332,111.782,False
2024-02-08,,,81.76,100.429,111.301,False
2024-02-19,,,83.37,101.442,116.482,False
2024-02-20,,,82.53,102.409,116.137,False
2024-02-21,,,82.2,103.179,116.607,False
2024-02-22,,,82.46,103.741,121.54,False
2024-02-23,,,80.76,102.563,120.143,False
2024-02-26,,,81.73,101.521,117.583,False
2024-02-27,,,82.24,102.707,117.755,False
2024-02-28,,,81.87,100.63,116.924,False
2024-02-29,,,82.01,101.78,117.491,False
2024-03-01,,,83.44,99.7543,116.622,False
2024-03-04,,,82.8,99.1245,120.197,False
2024-03-05,,,82.04,98.5219,120.21,False
2024-03-06,,,82.89,98.4432,119.651,False
2024-03-07,,,83.34,97.8382,120.719,False
2024-03-08,,,82.06,97.6899,121.733,False
2024-03-11,,,82.44,98.8453,119.597,False
2024-03-12,,,82.35,100.449,115.308,False
2024-03-13,,,83.93,99.4425,115.563,False
2024-03-14,,,85.09,99.621,116.885,False
2024-03-15,,,85.34,100.792,117.097,False
2024-03-18,,,86.88,102.028,117.163,False
2024-03-19,,,86.49,100.247,116.955,False
2024-03-20,,,85.58,102.07,119.387,False
2024-03-21,,,85.05,101.375,119.679,False
2024-03-22,,,84.91,98.9698,118.613,False
2024-03-25,,,86.05,97.9298,120.206,False
2024-03-26,,,85.27,97.3413,119.463,False
2024-03-27,,,85.64,97.1496,119.397,False
2024-03-28,,,87,97.7289,119.918,False
2024-03-29,,,87,98.8398,125.64,False
2024-04-01,,,87.82,103.07,124.455,False
2024-04-02,,,89.24,102.941,126.937,False
2024-04-03,,,89.51,101.618,128.633,False
2024-04-08,,,90.58,99.3398,129.3,False
2024-04-09,,,89.58,100.368,126.569,False
2024-04-10,,,90.65,101.134,127.807,False
2024-04-11,,,90.19,100.033,127.759,False
2024-04-12,,,90.14,98.9923,128.008,False
2024-04-15,,,90.39,99.7919,133.21,False
2024-04-16,,,90.1,96.8632,134.946,False
2024-04-17,,,87.41,98.7469,134.728,False
2024-04-18,,,86.9,99.6808,131.803,False
2024-04-19,,,87.37,97.6242,134.974,False
2024-04-22,,,87.16,98.8543,131.462,False
2024-04-23,,,87.38,99.1159,128.922,False
2024-04-24,,,87.08,102.082,130.123,False
2024-04-25,,,88.02,103.73,131.31,False
2024-04-26,,,88.04,105.414,132.182,False
2024-04-29,,,87.28,103.575,126.506,False
2024-04-30,,,85.92,103.845,127.725,False
2024-05-06,,,83.59,104.987,125.806,False
2024-05-07,,,82.97,104.645,126.995,False
2024-05-08,,,83.72,104.551,127.556,False
2024-05-09,,,84.1,106.144,126.881,False
2024-05-10,,,82.77,105.561,127.043,False
2024-05-13,,,83.4,105.8,126.565,False
2024-05-14,,,82.74,106.242,125.799,False
2024-05-15,,,82.9,104.824,125.151,False
2024-05-16,,,83.41,104.683,124.474,False
2024-05-17,,,83.99,107.821,125.439,False
2024-05-20,,,83.62,110.04,127.965,False
2024-05-21,,,82.53,110.369,126.965,False
2024-05-22,,,81.72,111.962,126.963,False
2024-05-23,,,81.2,110.189,125.682,False
2024-05-24,,,81.84,108.838,126.556,False
2024-05-27,,,82.81,110.442,129.157,False
2024-05-28,,,84.33,108.823,130.896,False
2024-05-29,,,83.36,108.183,131.824,False
2024-05-30,,,81.92,107.495,129.206,False
2024-05-31,,,81.24,107.192,127.936,False
2024-06-03,,,78.09,106.808,127.567,False
2024-06-04,,,77.12,108.893,125.802,False
2024-06-05,,,78.62,107.655,123.721,False
2024-06-06,,,80.01,105.641,125.806,False
2024-06-07,,,79.47,106.581,125.408,False
2024-06-11,,,82.12,106.217,123.245,False
2024-06-12,,,82.49,106.237,124.773,False
2024-06-13,,,82.17,104.754,123.409,False
2024-06-14,,,82.59,104.554,123.012,False
2024-06-17,,,84.4,104.833,120.285,False
2024-06-18,,,85.34,104.914,121.272,False
2024-06-19,,,84.49,103.646,122.583,False
2024-06-20,,,84.8,102.219,124.647,False
2024-06-21,,,84.2,102.636,123.786,False
2024-06-24,,,85.19,101.407,124.058,False
2024-06-25,,,84.15,101.233,123.979,False
2024-06-26,,,84.43,101.98,123.627,False
2024-06-27,,,85.42,101.345,123.664,False
2024-06-28,,,84.83,100.943,129.29,False
2024-07-01,,,86.63,102.766,130.695,False
2024-07-02,,,86.58,102.151,132.75,False
2024-07-03,,,87.07,100.97,131.984,False
2024-07-04,,,87.55,98.2062,133.242,False
2024-07-05,,,86.85,98.3336,131.797,False
2024-07-08,,,85.69,98.3312,133.327,False
2024-07-09,,,85,99.7102,133.55,False
2024-07-10,,,85.35,97.5225,130.379,False
2024-07-11,,,85.56,100.684,131.199,False
2024-07-12,,,85.21,99.0392,130.18,False
2024-07-15,,,84.93,98.4897,132.587,False
2024-07-16,,,83.84,98.1838,134.302,False
2024-07-17,,,85.17,98.4462,130.998,False
2024-07-18,,,84.79,98.7738,132.629,False
2024-07-19,,,82.62,99.182,130.93,False
2024-07-22,,,82.26,98.5091,127.892,False
2024-07-23,,,80.58,96.2236,127.195,False
2024-07-24,,,80.65,95.348,129.804,False
2024-07-25,,,81.42,95.5863,126.991,False
2024-07-26,,,79.73,96.0674,125.907,False
2024-07-29,,,79.1,95.571,127.331,False
2024-07-30,,,78.55,95.513,122.638,False
2024-07-31,,,81.51,98.8597,124.155,False
2024-08-01,,,79.99,98.5274,125.24,False
2024-08-02,,,77.56,98.7632,124.347,False
2024-08-05,,,77.29,100.526,119.844,False
2024-08-06,,,76.11,100.34,120.342,False
2024-08-07,,,78.55,99.6126,121.799,False
2024-08-08,,,78.95,100.072,121.328,False
2024-08-09,,,79.46,98.0993,123.236,False
2024-08-12,,,82.01,96.5705,123.119,False
2024-08-13,,,80.97,95.8323,124.34,False
2024-08-14,,,80.04,95.0311,124.363,False
2024-08-15,,,80.9,95.1472,125.303,False
2024-08-16,,,79.58,94.5007,126.271,False
2024-08-19,,,77.71,94.6881,127.069,False
2024-08-20,,,77.18,93.6409,125.241,False
2024-08-21,,,76.05,93.4164,125.617,False
2024-08-22,,,76.51,92.4394,126.065,False
2024-08-23,,,78.12,92.4563,127.025,False
2024-08-26,,,80.2,92.7886,128.531,False
2024-08-27,,,78.95,91.7225,133.153,False
2024-08-28,,,77.4,90.7976,131.411,False
2024-08-29,,,78.76,92.2477,127.279,False
2024-08-30,,,77.03,94.1387,126.937,False
2024-09-02,,,77.25,91.9241,128.997,False
2024-09-03,,,73.68,92.8322,124.073,False
2024-09-04,,,72.73,93.9957,120.053,False
2024-09-05,,,72.83,93.4861,118.816,False
2024-09-06,,,71.52,92.5439,118.611,False
2024-09-09,,,71.89,91.6813,115.012,False
2024-09-10,,,69.65,90.0929,116.682,False
2024-09-11,,,70.71,91.0395,113.779,False
2024-09-12,,,71.65,90.512,114.71,False
2024-09-13,,,71.48,89.9664,115.205,False
2024-09-18,,,72.15,88.145,118.233,False
2024-09-19,,,74.02,88.4397,117.661,False
2024-09-20,,,73.9,89.2943,118.669,False
2024-09-23,,,73.57,88.252,120.349,False
2024-09-24,,,74.48,91.2552,125.578,False
2024-09-25,,,73.13,92.56,125.507,False
2024-09-26,,,70.89,98.2929,125.713,False
2024-09-27,,,71.97,104.687,124.8,False
2024-09-30,,,72,112.176,132.376,False
2024-10-08,0.195856,,77.44,111.321,135.295,False
2024-10-09,0.285713,-0.0605881,76.76,104.293,124.609,False
2024-10-10,0.337069,0.00848769,79.26,105.695,129.588,False
2024-10-11,0.284892,-0.0291483,78.82,102.115,128.067,False
2024-10-14,0.303996,-0.0199133,75.07,101.584,128.909,False
2024-10-15,0.137271,-0.18465,74.63,100.106,124.656,True
2024-10-16,0.198496,0.0594395,74.44,100.441,124.488,False
2024-10-17,0.186291,0.00874484,74.43,99.2759,123.12,False
2024-10-18,0.129582,-0.033676,73.17,101.222,125.184,False
2024-10-21,0.129199,-0.0272304,74.07,102.228,124.407,False
2024-10-22,0.128697,0.00896084,75.56,103.212,124.882,False
2024-10-23,0.10837,-0.0155468,75.16,104.953,124.935,False
2024-10-24,0.145353,0.0188903,74.16,104.394,123.766,False
2024-10-25,0.131664,-0.0100617,75.45,104.556,122.945,False
2024-10-28,0.0488263,-0.0588383,71.56,107.994,122.703,False
2024-10-29,0.0355501,-0.0254982,70.98,106.108,119.457,False
2024-10-30,0.0148084,-0.0171215,72.59,107.144,118.418,False
2024-10-31,0.00965229,-0.00673921,74,108.493,118.249,False
2024-11-01,0.00799623,-0.00199947,72.93,109.527,120.666,False
2024-11-04,,,75.21,114.18,119.554,False
2024-11-05,,,75.44,116.554,120.521,False
2024-11-06,,,75.15,117.419,120.375,False
2024-11-07,0.22,,75.55,122.196,121.989,False
2024-11-08,0.2,-0.02,73.89,120.801,120.781,False
2024-11-11,0.19,-0.01,71.89,118.145,118.656,False
2024-11-12,0.13,-0.06,71.72,116.523,117.519,False
2024-11-13,0.11,-0.02,71.98,115.353,118.604,False
2024-11-14,0.06,-0.05,72.38,113.086,118.595,False
2024-11-15,0.07,0.01,71.04,115.192,119.068,False
2024-11-18,0.09,0.02,73.12,116.61,120.335,False
2024-11-19,0.09,-2.77556e-17,73.3,116.586,119.525,False
2024-11-20,0.1,0.01,73.06,118.558,120,False
2024-11-21,0.09,-0.01,73.85,118.13,119.758,False
2024-11-22,0.09,0,74.65,117.448,118.452,False
2024-11-25,0.08,-0.01,72.54,115.193,119.166,False
2024-11-26,0.0700008,-0.00999916,72.38,115.495,119.374,False
2024-11-27,0.07,-8.35654e-07,72.37,118.224,119.637,False
2024-11-28,0.02,-0.05,72.68,118.509,119.824,False
2024-11-29,,,72.07,118.022,119.524,False
2024-12-02,0.047,0.027,71.91,118.547,118.906,False
2024-12-03,0.046,-0.001,73.67,117.817,119.876,False
2024-12-04,0.0489977,0.0029977,72.49,115.856,123.619,False
2024-12-05,0.0489977,0,72.17,117.277,121.662,False
2024-12-06,0.0479978,-0.00099991,71.05,121.468,122.072,False
2024-12-09,0.039,-0.00899779,71.89,123.586,123.451,False
2024-12-10,0.0440009,0.0050009,71.99,124.55,122.652,False
2024-12-11,0.052,0.0079991,73.62,124.972,123.312,False
2024-12-12,0.052,-6.93889e-17,73.31,125.413,123.503,False
2024-12-13,0.0549999,0.00299995,74.35,123.351,121.305,False
2024-12-16,0.031,-0.0239999,73.89,119.249,123.409,False
2024-12-17,0.04,0.009,73.31,118.875,123.532,False
2024-12-18,0.02,-0.02,72.98,118.824,124.422,False
2024-12-19,0.038,0.018,72.26,119.143,123.286,False
2024-12-20,0.017,-0.021,72.48,117.582,121.937,False
2024-12-23,0.04,0.023,72.64,117.713,125.221,False
2024-12-24,0.024,-0.016,73.21,119.522,127.35,False
2024-12-25,0.011,-0.013,73.21,117.286,130.536,False
2024-12-26,0.0150006,0.00400059,72.87,116.651,129.305,False
2024-12-27,0.01,-0.00500059,73.52,118.676,128.751,False
2024-12-30,0.003,-0.007,74.11,117.478,130.006,False
2024-12-31,0.007,0.004,74.83,115.83,129.186,False
2025-01-02,0.001,-0.006,75.9,112.724,126.797,False
2025-01-03,,,76.67,111.295,127.472,False
2025-01-06,,,76.29,110.512,127.807,False
2025-01-07,,,77.26,110.729,127.013,False
2025-01-08,,,76.16,110.364,129.008,False
2025-01-09,,,77.16,109.973,125.702,False
2025-01-10,,,79.79,107.705,124.026,False
2025-01-13,,,80.9,107.602,124.088,False
2025-01-14,,,80.24,112.507,124.798,False
2025-01-15,,,82.42,110.853,124.517,False
2025-01-16,,,81.31,110.913,125.7,False
2025-01-17,,,80.75,112.433,123.912,False
2025-01-20,,,79.77,112.56,121.59,False
2025-01-21,,,79.35,114.298,119.753,False
2025-01-22,,,78.12,111.89,117.504,False
2025-01-23,0.26,,77.15,110.599,118.012,False
2025-01-24,0.16,-0.1,77.43,111.867,117.824,True
2025-01-27,0.14,-0.0200001,76.22,110.541,119.002,False
2025-02-05,0.979591,0.0200001,74.64,104.945,117.129,False
2025-02-06,0.16,-1.11022e-16,74.27,105.12,118.17,False
2025-02-07,0.15,-0.00999999,74.69,105.917,118.796,False
2025-02-10,0.14,-0.01,76.09,106.84,118.58,False
2025-02-11,,,76.8,104.564,119.013,False
2025-02-12,0.16,0.02,74.93,104.6,118.843,False
2025-02-13,0.14,-0.02,75.26,105.5,118.192,False
2025-02-14,,,74.6,104.937,117.331,False
2025-02-17,,,75.3,104.099,116.679,False
2025-02-18,,,75.76,102.45,116.462,False
2025-02-19,0.17,0.0299999,76.11,102.285,114.94,False
2025-02-20,0.19,0.0200001,76.22,101.905,115.059,False
2025-02-21,0.21,0.0200001,73.8,102.173,114.916,False
2025-02-24,0.17,-0.04,74.44,106.196,113.977,False
2025-02-25,,,72.55,105.657,112.746,False
2025-02-26,0.16,-0.01,72.31,104.708,112.311,False
2025-02-27,0.18,0.02,73.4,107.829,113.445,False
2025-02-28,0.16,-0.02,73.08,106.775,112.718,False
2025-03-03,0.16,0,71.43,106.211,112.113,False
2025-03-04,0.16,0,71.08,106.327,109.828,False
2025-03-05,0.17,0.00999999,69.32,108.358,110.238,False
2025-03-06,,,69.42,108.216,110.335,False
2025-03-07,,,70.41,108.104,111.012,False
2025-03-10,0.19,0.02,69.14,107.005,110.408,False
2025-03-11,0.17,-0.02,69.92,107.528,110.793,False
2025-03-12,0.2,0.03,70.89,105.802,110.188,False
2025-03-13,,,70.15,104.85,111.947,False
2025-03-14,,,70.58,106.662,112.774,False
2025-03-17,0.18,-0.02,70.92,107.423,113.836,False
2025-03-18,0.21,0.03,70.4,106.898,113.4,False
2025-03-19,0.63906,-0.00999999,70.37,107.072,113.549,False
2025-03-20,0.419991,-0.219991,71.7,106.007,114.15,True
2025-03-21,0.34,-0.0799999,71.57,104.838,113.735,False
2025-03-24,0.369868,0.0299835,72.43,106.114,113.166,False
2025-03-25,0.327368,-0.0384214,72.49,108.759,114.199,False
2025-03-26,0.988999,0.658999,73.29,108.868,114.312,True
2025-03-27,0.991778,0.00300201,73.34,107.684,115.5,False
2025-03-28,0.99894,0.0069987,72.41,105.526,114.199,False
2025-03-31,0.997619,1.24419e-10,74.67,103.673,114.793,False
2025-04-01,0.24,0.0299999,74.46,104.609,115.002,False
2025-04-02,0.22,-0.02,73.4,104.8,114.645,False
2025-04-03,0.22,1.11022e-16,69.82,105.16,114.734,False
2025-04-07,0.21,-0.00999972,64.26,97.9349,105.126,False
2025-04-08,0.24,0.0299997,61.61,99.6812,110.537,False
2025-04-09,0.21,-0.03,65.69,103.159,108.999,False
2025-04-10,0.24,0.03,63.4,103.965,108.901,False
2025-04-11,,,64.59,103.999,108.465,False
2025-04-14,0.21,-0.0299997,64.82,103.996,109.885,False
2025-04-15,0.2,-0.0100003,64.85,103.634,110.706,False
2025-04-16,,,65.95,105.431,113.132,False
2025-04-17,,,67.82,106.002,113.203,False
2025-04-18,0.21,0.01,67.82,103.982,113.203,False
2025-04-21,0.18,-0.03,66.49,103.717,112.157,False
2025-04-22,0.18,-9.84e-09,66.83,103.09,112.949,False
2025-04-23,0.17,-0.00999969,65.18,102.581,112.779,False
2025-04-24,0.18,0.00999969,65.58,102.545,112.978,False
2025-04-25,,,65.82,102.371,112.497,False
2025-04-28,0.18,0,64.53,101.563,113.218,False
2025-04-29,0.21,0.03,63,101.625,111.86,False
2025-04-30,0.19,-0.02,61.01,101.012,112.511,False
2025-05-06,0.17,-0.0200001,62.04,105.528,112.101,False
2025-05-07,0.12,-0.0499999,60.95,104.473,113.782,False
2025-05-08,,,63.2,104.714,113.232,False
2025-05-09,,,63.88,103.606,113.583,False
2025-05-12,0.14,0.02,64.95,106.607,113.963,False
2025-05-13,0.15,0.01,66.56,107.236,114.683,False
2025-05-14,,,65.85,107.355,116.593,False
2025-05-15,,,64.54,106.752,115.743,False
2025-05-16,,,65.32,106.855,113.633,False
2025-05-19,0.15,-6e-09,65.48,106.203,114.043,False
2025-05-20,0.15,6e-09,65.58,106.87,114.082,False
2025-05-21,0.19,0.04,64.58,109.108,114.972,False
2025-05-22,0.17,-0.02,63.48,109.466,115.885,False
2025-05-23,0.26,0.09,64.38,108.034,114.145,True
2025-05-26,0.24,-0.02,64.17,111.176,114.114,False
2025-05-27,0.16,-0.08,63.72,111.608,113.975,False
2025-05-28,0.2,0.04,64.23,112.523,116.264,False
2025-05-29,0.19,-0.01,63.35,111.998,115.453,False
2025-05-30,0.21,0.02,62.6,111.212,115.818,False
2025-06-03,0.18,-0.03,65.6,110.763,115.587,False
2025-06-04,,,64.88,109.745,116.314,False
2025-06-05,,,65.21,110.045,115.91,False
2025-06-06,0.19,0.00999998,66.59,110.178,117.043,False
2025-06-09,0.19,4.45501e-08,67.13,111.207,117.97,False
2025-06-10,0.22,0.03,66.6,111.695,118.483,False
2025-06-11,0.24,0.02,70.78,111.879,120.602,False
2025-06-12,0.21154,0.09,70.35,110.8,121.012,True
2025-06-13,0.566596,0.30734,75,108.368,122.173,True
2025-06-16,0.646415,0.0932067,72.53,107.868,122.171,True
2025-06-17,0.279175,0.0253737,77.13,108.227,123.771,False
2025-06-18,0.368029,0.0830755,76.09,107.201,123.133,True
2025-06-19,0.279374,-0.0626972,76.99,106.25,124.457,False
2025-06-20,0.183019,-0.0827157,75.78,106.103,122.893,True
2025-06-23,0.293033,0.16111,69.76,106.005,121.996,True
2025-06-24,0.0594469,-0.228303,66.81,108.225,120.696,True
2025-06-25,0.0396073,-0.0202772,66.45,109.655,120.664,False
2025-06-26,0.022284,-0.00765408,66.69,108.776,121.33,False
2025-06-27,0.0249663,-0.000968491,66.33,109.617,119.966,False
2025-06-30,0.0251382,-0.00654361,66.63,109.068,119.267,False
2025-07-01,0.00478289,-0.00270789,67.18,108.46,120.106,False
2025-07-02,0.144276,-0.00998919,69.15,107.579,120.146,False
2025-07-03,0.149698,-6.03458e-05,68.83,106.78,119.48,False
2025-07-04,0.185991,0.0388546,68.49,106.575,120.041,False
2025-07-07,0.155149,-0.0291912,69.59,106.986,119.235,False
2025-07-08,0.148471,-0.00969443,70,107.205,119.831,False
2025-07-09,0.135906,-4.48436e-08,70.14,107.469,119.901,False
2025-07-10,0.137739,-0.00974878,68.85,107.933,121.304,False
2025-07-11,0.148419,0.00984191,70.63,108.685,120.708,False
2025-07-14,0.13779,-0.00975443,69.1,108.284,122.947,False
2025-07-15,0.133365,0.00833648,68.83,107.401,123.187,False
2025-07-16,0.134648,0.00170581,68.7,107.331,123.531,False
2025-07-17,0.119455,-0.02,69.61,107.521,122.728,False
2025-07-18,0.12999,0,69.23,107.639,123.692,False
2025-07-21,0.144838,0.0190614,69.08,108.832,124.894,False
2025-07-22,0.0977686,-0.0216632,67.79,109.915,126.613,False
2025-07-23,0.129881,0.01,67.94,111.336,126.016,False
2025-07-24,0.129364,-7.07025e-05,68.53,113.214,124.541,False
2025-07-25,0.139879,0.00998365,67.59,112.288,123.482,False
2025-07-28,0.139557,-1.64093e-05,69.57,110.551,121.87,False
2025-07-29,0.101302,-0.0157505,71.78,109.735,123.216,False
2025-07-30,0.0973934,-0.000502392,72.75,110.203,125.495,False
2025-07-31,0.124733,0.0097228,71.76,107.212,125.425,False
2025-08-01,0.111553,-0.00972456,69.5,107.296,119.54,False
2025-08-04,0.0999187,-0.0199866,68.62,107.678,118.839,False
2025-08-05,0.0897362,-0.00995275,67.68,108.619,120.312,False
2025-08-06,0.0599874,-0.00487705,66.9,108.589,120.662,False
2025-08-07,0.0876332,-0.00999964,66.33,108.905,121.153,False
2025-08-08,0.100665,-0.00332959,66.1,109.122,121.887,False
2025-08-11,0.130655,-0.0115046,66.67,109.425,119.999,False
2025-08-12,0.0914712,-0.00312982,66.1,109.443,122.101,False
2025-08-13,0.0381939,0.00426431,65.75,110.331,121.26,False
2025-08-14,0.0984109,0.0161856,66.83,108.899,120.524,False
2025-08-15,0.0624247,-0.0559981,66.05,110.929,120.279,False
2025-08-18,0.0944152,0.0163418,66.45,111.575,119.93,False
2025-08-19,0.102849,0.00931993,65.92,111.601,119.405,False
2025-08-20,0.0902604,0.00108319,67.01,112.498,120.633,False
2025-08-21,0.11724,0.0160564,67.03,113.394,123.018,False
2025-08-22,0.062898,-0.0343522,67.26,112.338,122.282,False
2025-08-25,0.0786631,-0.000818027,68.18,114.425,122.95,False
2025-08-26,0.0767968,0.00625549,66.67,115.229,122.739,False
2025-08-27,0.0566876,-0.00109187,67.19,114.045,120.916,False
2025-08-28,0.085783,0.00825224,67.61,114.111,121.196,False
2025-08-29,0.103806,-0.00483907,67.4,114.032,121.232,False
2025-09-01,0.0557128,-0.00557788,68.16,112.767,121.056,False
2025-09-02,0.0851681,-0.0193215,69.07,111.751,124.795,False
2025-09-03,0.0918426,-0.00585794,67.39,110.407,124.288,False
2025-09-04,0.0670378,-0.0232457,66.8,110.902,123.861,False
2025-09-05,0.0889594,0.0110033,65.55,112.376,122.277,False
2025-09-08,0.0799453,-0.00942803,66.21,115.823,122.101,False
2025-09-09,0.0771031,-0.00579385,66.54,116.081,121.199,False
2025-09-10,0.0599175,-0.00765022,67.57,115.003,120.457,False
2025-09-11,0.073681,0.013583,66.28,114.976,120.465,False
2025-09-12,0.0852711,0.00527106,66.88,115.458,120.059,False
2025-09-15,0.0745771,-0.000532555,67.45,115.038,120.503,False
2025-09-16,0.0893288,0.00735076,68.49,117.219,119.173,False
2025-09-17,0.104707,0.0187577,67.41,119.824,119.565,False
2025-09-18,0.0792198,0.00721464,66.97,116.994,116.819,False
2025-09-19,0.0572864,-0.00638845,65.99,117.74,115.959,False
2025-09-22,0.0641551,-0.0173904,65.97,117.404,115.171,False
2025-09-23,0.0636322,-0.000734754,67.12,116.057,115.888,False
2025-09-24,0.0697798,-3.16741e-05,68.23,116.212,115.817,False
2025-09-25,0.0582717,0.000574998,68.8,116.294,115.78,False
2025-09-26,0.08,0.01,68.81,116.94,115.922,False
2025-09-29,0.0776803,0.00676374,66.74,116.997,115.56,False
2025-09-30,0.0554732,-0.0178401,66.14,118.04,114.564,False
2025-10-09,0.0657691,-0.000244907,65.19,119.097,116.886,False
2025-10-10,0.09,0.02,62.05,118.454,116.995,False
2025-10-13,0.07,-0.02,63.39,116.01,116.533,False
2025-10-14,0.06,-0.01,62.28,116.213,117.893,False
2025-10-15,0.05,-0.00999997,62.45,122.198,117.284,False
2025-10-16,0.06,0.00999997,60.99,121.858,118.927,False
2025-10-17,0.05,-0.01,61.34,122.481,118.349,False
2025-10-20,0.05,4.16334e-17,60.91,127.052,120.483,False
2025-10-21,0.04,-0.01,61.57,126.282,121.351,False
2025-10-22,0.04,0,64.36,125.404,122.766,False
2025-10-23,0.04,0,65.25,125.929,125.366,False
2025-10-24,0.04,-7.63278e-17,64.88,123.812,124.321,False
2025-10-27,0.05,0.01,65.02,123.894,125.525,False
2025-10-28,0.04,-0.01,63.85,124.395,124.958,False
2025-10-29,0.05,0.01,64.27,125.778,124.303,False
2025-10-30,0.04,-0.01,64.03,125.582,124.484,False
2025-10-31,0.04,0,64.57,123.769,124.15,False
2025-11-03,0.037,-0.003,64.84,126.58,128.067,False
2025-11-04,0.033,-0.004,64.28,125.749,128.249,False
2025-11-05,0.049,0.016,63.51,128.05,127.636,False
2025-11-06,0.035,-0.014,63.58,128.508,128.038,False
2025-11-07,0.0374762,0.002,63.7,128.664,129.531,False
2025-11-10,0.0370225,2.71626e-06,63.94,134.355,131.175,False
2025-11-11,0.0370309,-7.63097e-17,65.09,134.817,130.627,False
2025-11-12,0.0340041,-0.00299945,62.67,135.439,132.224,False
2025-11-13,0.043,0.009,63.11,137.029,131.744,False
2025-11-14,0.032,-0.011,64.23,135.835,131.427,False
2025-11-17,0.0332025,-0.000541087,64.03,134.052,132.568,False
2025-11-18,0.0310003,0.00100026,64.79,132.577,132.797,False
2025-11-19,0.0373781,0.00602717,63.66,132.302,138.35,False
2025-11-20,0.034192,-0.00308048,63.08,131.007,137.34,False
2025-11-21,0.0311725,-0.00300936,61.85,128.47,135.821,False
2025-11-24,0.0303112,-0.000911814,62.73,126.509,132.649,False
2025-11-25,0.0294067,-0.000975742,61.9,123.978,132.331,False
2025-11-26,0.0332477,0.00184844,62.47,125.07,131.106,False
2025-11-27,0.0222667,-0.00922041,62.91,124.381,132.782,False
2025-11-28,0.0230006,0.00100055,62.31,124.74,131.765,False
2025-12-01,0.0220866,-0.00100943,63.3,127.534,133.982,False
2025-12-02,0.018,-0.004,62.33,126.6,135.74,False
2025-12-03,0.021,0.003,62.74,128.639,134.924,False
2025-12-04,0.019,-0.002,63.35,128.458,135.695,False
2025-12-05,0.0190061,6.09573e-07,63.82,127.45,134.836,False
2025-12-08,0.0150001,-0.00399991,62.5,128.258,134.495,False
2025-12-09,0.0110007,-0.00399944,62.11,125.23,133.269,False
2025-12-10,0.0121519,-0.00145493,62.51,127.028,131.66,False
2025-12-11,0.102601,0.001,61.55,125.177,131.622,False
2025-12-12,0.275386,0.101393,61.17,126.833,130.284,True
2025-12-15,0.157798,-0.0877259,60.37,128.291,130.304,True
2025-12-16,0.128534,-0.0480566,58.82,129.812,130.94,False
2025-12-17,0.247242,0.106581,60.66,134.543,130.823,True
2025-12-18,0.315932,0.0358024,59.4,135.501,133.207,False
2025-12-19,0.152558,-0.0924712,60.08,136.278,132.346,True
2025-12-22,0.915833,0.731017,61.46,137.127,132.601,True
2025-12-23,0.443125,-0.216371,61.91,135.202,134.325,True
2025-12-24,0.41804,0.0562963,61.84,134.83,133.94,False
2025-12-25,0.265372,-0.123926,61.84,135.392,133.124,True
2025-12-26,0.244775,0.0105748,60.27,135.377,132.577,False
2025-12-29,0.0918786,-0.214773,61.22,137.662,136.395,True
2025-12-30,0.145224,-0.0294249,61.27,136.203,139.501,False
2025-12-31,0.0544658,-0.0541309,60.9,141.281,140.817,False
2026-01-05,0.26927,-0.0141296,61.77,140.568,137.492,False
2026-01-06,0.519063,0.11056,60.5,141.542,139.873,True
2026-01-07,0.500305,-0.00782334,60.36,141.253,136.448,False
2026-01-08,0.951671,0.436182,62.68,140.511,135.423,True
2026-01-09,0.636038,0.065351,63.01,138.838,136.911,False
2026-01-12,0.97229,0.276036,64.21,139.18,134.73,True
2026-01-13,0.506156,0.0102322,65.45,137.887,136.233,False
2026-01-14,0.179235,0.0346951,65.2,135.489,134.679,False
2026-01-15,0.137437,-0.0307239,63.85,135.796,135.274,False
2026-01-16,0.916655,0.781347,64.04,135.137,132.87,True
2026-01-19,0.205342,-0.0179734,64.14,140.172,134.029,False
2026-01-20,0.492354,0.0917693,63.39,143.189,135.616,True
2026-01-21,0.963627,0.338929,64.56,141.817,135.599,True
2026-01-22,0.319125,0.00175001,63.65,141.376,139.46,False
2026-01-23,0.376486,0.0262792,65.42,139.59,136.588,False
2026-01-26,0.0842603,-0.149085,64.86,138.337,143.032,True
2026-01-27,0.0550821,-0.018241,66.71,136.975,143.264,False
2026-01-28,0.180708,0.0295873,67.68,134.242,145.866,False
2026-01-29,0.0834004,-0.012509,69.7,133.013,147.134,False
2026-01-30,0.384337,0.0227444,69.83,133.263,148.812,False
2026-02-02,0.0948894,-0.0595537,66.12,131.096,145.031,False
2026-02-03,0.159043,-0.0417443,67.82,134.385,142.696,False
2026-02-04,0.125445,0.0145778,68.9,142.876,145.574,False
2026-02-05,0.11681,-0.00506069,67.33,143.83,144.247,False
2026-02-06,0.11819,0.00975749,67.91,142.614,147.018,False
2026-02-09,0.133585,-0.00777583,69.12,144.807,146.882,False
2026-02-10,0.540005,0.180505,69.04,142.305,146.498,True
2026-02-11,0.256539,-0.0407837,69.61,140.411,148.018,False
2026-02-12,0.116077,-0.0199201,67.59,138.064,149.993,False
2026-02-13,0.22342,0.0703629,67.68,135.477,143.983,False
2026-02-24,0.385422,0.204981,71.02,133.986,150.113,True
2026-02-25,0.909001,0.572946,70.79,135.123,148.751,True
2026-02-26,0.252566,-0.041778,70.82,135.545,147.732,False
2026-02-27,0.264315,0.0367046,73.16,134.414,147.187,False
2026-03-02,0.475796,0.240043,77.95,128.839,161.979,True
2026-03-03,0.611321,0.133216,81.97,124.557,178.199,True
2026-03-04,0.733931,0.132339,82.55,122.361,174.024,True
2026-03-05,0.807188,0.0771339,84.28,121.228,166.059,False
2026-03-06,0.768889,-0.0417794,93.32,123.668,161.735,False
2026-03-09,0.96632,0.205166,89.8,118.455,167.222,True
2026-03-10,0.955805,-0.00959785,91.37,119.691,155.948,False
2026-03-11,0.986914,0.0245657,93.66,118.608,156.264,False
2026-03-12,0.973063,-0.00407747,101.71,118.074,156.308,False
2026-03-13,0.992756,-0.000115654,103.83,117.869,153.585,False
2026-03-16,0.879343,0.0057131,100.81,116.459,153.203,False
2026-03-17,0.203922,-0.0417018,99.49,116.626,152.426,False
2026-03-18,0.166598,-0.0302917,104.66,116.325,149.827,False
2026-03-19,0.140131,0.0034269,102.6,111.283,155.701,False
2026-03-20,0.163988,-0.00398246,104.31,109.97,151.725,False
2026-03-23,0.180099,0.0160209,96.15,103.548,151.846,False
2026-03-24,0.173127,-0.0439287,95.85,106.086,148.435,False
2026-03-25,0.151509,-0.00791756,98.06,110.309,146.39,False
2026-03-26,0.161321,0.00723518,100.76,109.461,147.397,False
2026-03-27,0.164434,-0.00751889,106.59,110.186,148.45,False
2026-03-30,0.213686,-0.0186945,108.8,110.052,151.606,False
2026-03-31,0.140015,-0.016053,103.51,108.706,148.94,False
2026-04-01,0.339171,0.01086,100.12,112.985,148.334,False
2026-04-02,0.331049,0.0189938,109.24,110.448,150.81,False
2026-04-03,0.470561,0.0679414,109.24,108.706,149.547,False
2026-04-07,0.462879,0.0144804,103.68,107.876,151.58,False
2026-04-08,0.306545,-0.00153342,96.65,115.442,147.823,False
2026-04-09,0.19346,-0.0250358,96.41,113.162,147.936,False
2026-04-10,0.158479,-0.00638889,94.26,112.255,146.884,False
2026-04-13,0.254526,0.0383512,97.95,110.75,147.749,False
2026-04-14,0.186556,0.0100663,95.22,111.536,146.138,False
2026-04-15,0.516421,0.0565872,94.84,111.974,143.959,False
2026-04-16,0.136937,-0.0169248,98.24,112.023,142.906,False
2026-04-17,0.165532,0.0068357,92.45,111.412,140.908,False
2026-04-20,0.269118,0.0768005,93.95,113.488,140.222,False
2026-04-21,0.210541,0.0267891,99,113.898,139.781,False
2026-04-22,0.275955,-0.00923768,101.54,112.999,138.896,False
2026-04-23,0.364274,-0.01472,106.01,111.493,141.268,False
2026-04-24,0.450104,-0.00890457,99.78,110.436,141.148,False
2026-04-27,0.164587,-0.0264342,101.96,108.714,140.671,False
2026-04-28,0.106844,0.00461396,104.24,107.216,142.096,False
2026-04-29,0.237515,0.0276546,112.47,108.036,143.434,False
