date,p_level,dp,oil_close,美股航空_idx100,美股能源_idx100,JETS航空ETF_idx100,is_event
2024-01-02,0.0138411,,70.47,100,100,100,False
2024-01-03,,,73,95.6061,101.629,96.1046,False
2024-01-04,,,72.39,98.1394,99.8466,98.079,False
2024-01-05,,,73.94,101.878,99.9292,100.16,False
2024-01-08,,,70.92,104.524,98.7727,102.134,False
2024-01-09,,,72.21,102.93,97.1914,101.441,False
2024-01-10,,,71.31,102.98,96.2355,101.761,False
2024-01-11,,,72.84,103.703,96.4834,102.081,False
2024-01-12,,,72.76,96.1277,97.569,96.905,False
2024-01-16,,,71.9,95.8734,95.2443,95.5176,False
2024-01-17,,,72.72,92.8697,94.4536,93.7033,False
2024-01-18,,,73.85,98.0059,94.3002,97.1718,False
2024-01-19,,,73.43,96.8074,94.607,96.6382,False
2024-01-22,,,74.65,96.5957,94.9611,96.5848,False
2024-01-23,,,74.5,99.7675,95.1617,98.826,False
2024-01-24,,,75.34,99.6758,96.5188,99.5197,False
2024-01-25,,,77.1,104.351,98.6901,102.561,False
2024-01-26,,,78.21,103.832,99.4218,102.028,False
2024-01-29,,,76.98,103.815,99.2802,102.401,False
2024-01-30,,,77.77,101.842,100.307,100.854,False
2024-01-31,,,75.83,100.874,98.4305,100.053,False
2024-02-01,,,73.9,102.539,98.4187,101.654,False
2024-02-02,,,72.38,103.379,98.5603,102.188,False
2024-02-05,,,72.8,100.901,98.3125,100.267,False
2024-02-06,,,73.45,104.869,98.6311,103.629,False
2024-02-07,,,74.07,103.629,98.8317,103.789,False
2024-02-08,,,76.46,105.608,99.8466,104.749,False
2024-02-09,,,76.6,106.736,98.3125,105.123,False
2024-02-12,,,76.94,107.737,99.3982,105.977,False
2024-02-13,,,77.77,109.883,98.3951,104.963,False
2024-02-14,,,76.56,111.714,98.3007,106.884,False
2024-02-15,,,77.56,112.212,101.038,107.951,False
2024-02-16,,,78.22,110.328,100.979,106.67,False
2024-02-20,,,77.2,112.047,100.059,107.15,False
2024-02-21,,,78.04,112.189,101.935,106.937,False
2024-02-22,,,78.34,113.355,102.112,108.324,False
2024-02-23,,,76.57,112.164,101.44,107.471,False
2024-02-26,,,77.6,111.851,101.794,107.417,False
2024-02-27,,,78.52,113.225,101.357,107.844,False
2024-02-28,,,78.29,112.531,101.156,107.311,False
2024-02-29,,,78.29,112.947,101.652,107.577,False
2024-03-01,,,79.79,112.209,102.832,107.257,False
2024-03-04,,,78.77,111.474,101.735,106.937,False
2024-03-05,,,78.13,111.752,102.49,106.937,False
2024-03-06,,,79.12,113.36,102.809,108.324,False
2024-03-07,,,79.45,114.53,103.682,108.378,False
2024-03-08,,,77.84,112.395,104.048,107.257,False
2024-03-11,,,78.12,112.115,105.122,106.83,False
2024-03-12,,,78.03,108.566,104.956,104.536,False
2024-03-13,,,79.6,109.658,106.632,105.229,False
2024-03-14,,,81.06,109.039,107.73,104.429,False
2024-03-15,,,80.55,109.138,108.048,104.909,False
2024-03-18,,,82.21,108.977,107.553,104.856,False
2024-03-19,,,82.51,108.337,108.78,104.856,False
2024-03-20,,,81.43,112.82,108.626,107.898,False
2024-03-21,,,80.81,114.273,109.275,108.858,False
2024-03-22,,,80.8,113.318,109.039,108.485,False
2024-03-25,,,81.98,113.657,110.054,108.698,False
2024-03-26,,,81.27,113.964,109.205,109.125,False
2024-03-27,,,81.69,117.581,110.219,111.793,False
2024-03-28,,,83.11,118.573,111.411,112.113,False
2024-04-01,,,83.98,117.727,112.237,111.259,False
2024-04-02,,,85.44,113.614,113.807,108.591,False
2024-04-03,,,85.64,112.346,114.586,108.004,False
2024-04-04,,,86.84,110.787,114.515,106.564,False
2024-04-05,,,86.73,111.343,115.742,107.364,False
2024-04-08,,,86.56,112.841,115.011,108.485,False
2024-04-09,,,85.32,113.702,115.046,109.018,False
2024-04-10,,,86.25,110.2,115.4,106.243,False
2024-04-11,,,85.58,112.117,115.317,107.471,False
2024-04-12,,,85.45,109.063,113.441,104.269,False
2024-04-15,,,85.64,108.526,112.379,103.415,False
2024-04-16,,,85.29,108.18,111.4,103.362,False
2024-04-17,,,82.32,115.177,111.081,107.417,False
2024-04-18,,,81.88,118.146,110.739,108.911,False
2024-04-19,,,82.11,118.612,112.072,109.178,False
2024-04-22,,,82.12,122.364,112.804,111.953,False
2024-04-23,,,83.38,117.848,113.429,111.153,False
2024-04-24,,,82.82,115.322,113.512,109.018,False
2024-04-25,,,83.77,114.88,114.031,109.285,False
2024-04-26,,,83.67,114.102,112.981,109.232,False
2024-04-29,,,82.73,114.805,113.748,109.712,False
2024-04-30,,,81.52,111.653,110.361,107.257,False
2024-05-01,,,79.12,110.56,108.603,107.15,False
2024-05-02,,,79.05,113.066,109.228,109.178,False
2024-05-03,,,77.99,113.137,109.24,109.178,False
2024-05-06,,,78.67,117.433,110.101,112.06,False
2024-05-07,,,78.35,114.67,109.995,110.032,False
2024-05-08,,,79.22,115.329,109.865,109.605,False
2024-05-09,,,79.57,115.967,111.341,110.139,False
2024-05-10,,,78.2,115.918,110.727,110.085,False
2024-05-13,,,79.2,118.745,110.432,111.793,False
2024-05-14,,,78.43,120.515,110.574,113.02,False
2024-05-15,,,78.86,118.965,110.821,112.433,False
2024-05-16,,,78.87,118.546,110.515,111.9,False
2024-05-17,,,79.52,118.299,112.06,112.006,False
2024-05-20,,,79.2,117.862,111.329,111.793,False
2024-05-21,,,78.18,115.551,110.786,109.819,False
2024-05-22,,,77.24,115.364,108.662,109.605,False
2024-05-23,,,76.96,112.665,107.671,107.631,False
2024-05-24,,,77.79,112.702,107.824,108.164,False
2024-05-28,,,80.26,110.276,108.933,106.35,False
2024-05-29,,,79.23,106.25,107.01,103.895,False
2024-05-30,,,77.88,107.008,107.316,104.642,False
2024-05-31,,,77.15,109.767,109.983,106.884,False
2024-06-03,,,74.01,110.31,107.104,107.577,False
2024-06-04,,,72.9,109.236,106.077,106.564,False
2024-06-05,,,74.29,110.405,106.066,107.524,False
2024-06-06,,,75.66,109.462,106.62,106.937,False
2024-06-07,,,75.36,109.535,106.195,106.35,False
2024-06-10,,,78.23,111.206,106.998,106.99,False
2024-06-11,,,78.16,108.156,106.785,105.069,False
2024-06-12,,,78.3,110.975,105.641,106.884,False
2024-06-13,,,77.93,109.493,104.673,105.71,False
2024-06-14,,,78.05,107.323,103.894,103.735,False
2024-06-17,,,79.93,109.152,104.166,105.39,False
2024-06-18,,,80.77,108.84,104.602,105.229,False
2024-06-20,,,81.23,108.291,106.526,105.123,False
2024-06-21,,,80.58,108.191,105.912,105.283,False
2024-06-24,,,81.73,109.37,107.718,105.656,False
2024-06-25,,,80.76,107.76,107.966,104.482,False
2024-06-26,,,80.87,107.436,106.903,103.949,False
2024-06-27,,,81.8,108.445,107.151,104.856,False
2024-06-28,,,81.47,108.777,107.564,104.909,False
2024-07-01,,,83.38,106.672,107.623,103.522,False
2024-07-02,,,83.16,106.638,107.541,103.842,False
2024-07-03,,,83.61,107.921,108.013,104.856,False
2024-07-05,,,83.44,104.443,106.325,102.188,False
2024-07-08,,,82.24,104.609,105.676,102.561,False
2024-07-09,,,81.81,104.249,104.744,102.508,False
2024-07-10,,,82.4,104.502,105.452,103.095,False
2024-07-11,,,82.87,103.12,106.549,102.455,False
2024-07-12,,,82.18,103.336,106.821,102.775,False
2024-07-15,,,81.96,103.354,108.438,102.668,False
2024-07-16,,,80.81,108.937,108.921,106.137,False
2024-07-17,,,83.08,107.369,110.007,104.642,False
2024-07-18,,,80.83,103.584,110.208,102.081,False
2024-07-19,,,78.59,104.347,109.004,101.974,False
2024-07-22,,,78.23,104.942,108.32,102.081,False
2024-07-23,,,77.46,103.483,106.597,101.814,False
2024-07-24,,,77.49,100.76,106.608,99.0928,False
2024-07-25,,,78.33,104.268,108.449,101.654,False
2024-07-26,,,76.43,105.15,108.792,101.868,False
2024-07-29,,,75.93,102.545,107.859,100.267,False
2024-07-30,,,75.26,105.523,109.535,102.134,False
2024-07-31,,,78.63,103.611,109.995,101.708,False
2024-08-01,,,76.91,98.7938,107.08,97.0117,False
2024-08-02,,,74.14,93.8125,104.319,92.8495,False
2024-08-05,,,73.9,89.4375,102.018,89.4344,False
2024-08-06,,,72.94,91.3408,102.643,91.1953,False
2024-08-07,,,75.43,91.5896,103.056,89.7012,False
2024-08-08,,,76.08,96.0339,105.275,93.2231,False
2024-08-09,,,76.98,96.0943,105.511,93.2764,False
2024-08-12,,,79.66,91.8697,106.03,91.1953,False
2024-08-13,,,78.64,92.2391,105.004,92.3159,False
2024-08-14,,,77.18,91.3571,105.617,91.7289,False
2024-08-15,,,76.91,94.5656,106.88,94.7172,False
2024-08-16,,,75.48,94.1185,106.762,94.3436,False
2024-08-19,,,73.81,95.2387,107.482,95.7844,False
2024-08-20,,,73.09,94.6631,104.65,94.9306,False
2024-08-21,,,71.92,94.9869,104.827,95.571,False
2024-08-22,,,72.97,94.2688,105.098,94.8773,False
2024-08-23,,,74.96,97.2576,106.667,97.9189,False
2024-08-26,,,77.15,96.6673,107.623,97.2785,False
2024-08-27,,,75.76,97.0777,106.62,98.079,False
2024-08-28,,,74.38,96.365,105.936,97.2252,False
2024-08-29,,,76.02,98.1545,107.316,98.3991,False
2024-08-30,,,73.65,99.959,107.718,99.7866,False
2024-09-03,,,70.22,99.9028,105.039,98.3991,False
2024-09-04,,,69.24,100.16,103.587,99.0395,False
2024-09-05,,,69.32,102.857,102.785,100.053,False
2024-09-06,,,68.16,102.684,101.499,99.1996,False
2024-09-09,,,68.79,107.292,102.23,101.814,False
2024-09-10,,,66.29,106.684,100.472,100.907,False
2024-09-11,,,67.38,105.931,99.5398,101.014,False
2024-09-12,,,69.18,107.623,100.437,102.401,False
2024-09-13,,,68.28,108.586,101.003,102.882,False
2024-09-16,,,69.32,108.573,102.16,103.042,False
2024-09-17,,,69.91,109.831,103.54,104.909,False
2024-09-18,,,69.15,109.463,103.741,105.016,False
2024-09-19,,,71.12,109.387,104.98,105.71,False
2024-09-20,,,71.25,109.375,104.744,105.603,False
2024-09-23,,,70.72,110.64,105.169,105.496,False
2024-09-24,,,71.54,112.351,104.909,107.311,False
2024-09-25,,,69.84,112.278,102.856,106.137,False
2024-09-26,,,67.46,119.74,100.838,110.993,False
2024-09-27,,,68.63,118.905,102.891,111.206,False
2024-09-30,,,68.29,118.342,103.611,110.566,False
2024-10-01,0.57,,70.73,117.825,105.971,109.178,False
2024-10-02,0.347508,-0.23,71,115.623,107.057,107.898,True
2024-10-03,0.552042,0.0453169,73.7,114.785,108.945,106.937,False
2024-10-04,0.1516,-0.11232,74.45,121.076,109.96,110.512,True
2024-10-07,0.328491,-0.0896297,77.3,120.874,110.349,110.299,False
2024-10-08,0.270396,-0.113998,73.29,121.715,107.47,111.153,True
2024-10-09,0.311777,-0.0186843,72.67,121.373,108.119,110.832,False
2024-10-10,0.276134,0.0507826,74.81,120.52,108.851,111.313,False
2024-10-11,0.318171,-0.0845406,74.72,122.216,109.523,112.38,False
2024-10-14,0.238654,-0.067729,71.28,123.884,109.476,113.34,False
2024-10-15,0.179496,-0.0796581,70.43,124.837,105.948,113.767,False
2024-10-16,0.200315,0.0347437,70.1,131.637,106.455,118.463,False
2024-10-17,0.200827,-0.00965104,70.16,131.453,106.962,118.463,False
2024-10-18,0.0917481,-0.0532725,68.82,134.59,106.608,120.438,False
2024-10-21,0.146445,0.0339234,69.77,132.85,106.29,120.438,False
2024-10-22,0.127596,-0.00599286,71.31,132.31,106.538,120.277,False
2024-10-23,0.0994245,-0.0255182,71.04,131.254,105.983,120.811,False
2024-10-24,0.143802,0.0286547,70.33,129.631,105.971,119.37,False
2024-10-25,0.123,-0.00931455,71.68,130.898,105.936,120.277,False
2024-10-28,0.0900925,-0.0329359,68,134.393,105.263,122.892,False
2024-10-29,0.0259706,-0.0676218,67.48,132.43,103.658,121.665,False
2024-10-30,0.0411968,0.0145984,69.09,132.927,103.894,123.052,False
2024-10-31,0.00299766,-0.0409532,70.52,130.952,104.543,121.345,False
2024-11-01,0.00799396,0.00499568,69.33,133.131,103.882,123.533,False
2024-11-04,,,71.69,129.135,105.7,121.878,False
2024-11-05,,,71.99,132.611,106.408,124.546,False
2024-11-06,,,71.88,140.496,110.408,130.79,False
2024-11-07,0.2,,72.18,137.775,109.901,128.869,False
2024-11-08,0.25,0.05,70.42,140.377,110.633,130.47,False
2024-11-11,0.12,-0.13,68.03,143.586,111.258,133.458,True
2024-11-12,0.07,-0.05,67.79,142.441,110.668,131.91,False
2024-11-13,0.09,0.02,67.88,145.627,111.529,130.149,False
2024-11-14,0.05,-0.04,68.42,147.773,111.954,131.11,False
2024-11-15,0.1,0.05,66.88,148.17,111.789,130.683,False
2024-11-18,0.09,-0.01,69.07,144.399,113.276,128.015,False
2024-11-19,0.09,-3.024e-08,69.26,144.591,112.556,127.641,False
2024-11-20,0.09,3.024e-08,69.03,144.403,113.689,127.748,False
2024-11-21,0.0899999,-8.1e-08,70.12,143.871,114.609,127.908,False
2024-11-22,0.08,-0.00999992,71.19,144.345,114.786,129.029,False
2024-11-25,0.06,-0.02,69.08,147.02,112.521,131.59,False
2024-11-26,0.08,0.02,68.96,144.916,112.367,130.149,False
2024-11-27,0.07,-0.01,68.76,145.073,112.249,130.683,False
2024-11-29,0.031,-0.039,68.14,145.075,112.733,131.003,False
2024-12-02,0.047,0.016,68.17,146.849,111.541,131.697,False
2024-12-03,0.049,0.002,69.96,145.066,111.529,130.256,False
2024-12-04,0.0489977,-2.29811e-06,68.7,150.985,108.839,133.404,False
2024-12-05,0.0469999,-0.00199785,68.45,157.265,109.264,137.353,False
2024-12-06,0.041,-0.00599986,67.17,155.723,107.411,136.179,False
2024-12-09,0.044,0.00299996,68.14,153.957,107.234,134.525,False
2024-12-10,0.052,0.00800003,68.46,157.676,106.502,135.912,False
2024-12-11,0.052,9.776e-09,69.93,162.988,106.679,138.367,False
2024-12-12,0.0779999,0.0259999,69.63,159.237,105.818,136.179,False
2024-12-13,0.054,-0.0239999,70.64,157.202,105.287,134.845,False
2024-12-16,0.031,-0.023,70.23,156.608,102.974,134.205,False
2024-12-17,0.02,-0.011,69.82,157.626,102.207,133.671,False
2024-12-18,0.0220001,0.00200015,69.46,153.758,99.1857,130.043,False
2024-12-19,0.0160195,-0.00598062,69.22,158.166,98.3243,132.444,False
2024-12-20,0.02,0.00398048,69.56,160.665,99.292,134.152,False
2024-12-23,0.0600001,0.0400001,69.55,164.001,99.0441,136.339,False
2024-12-24,0.011,-0.0490001,70.17,166.137,99.882,137.727,False
2024-12-26,0.011002,1.99404e-06,69.64,165.514,99.7994,137.834,False
2024-12-27,0.019,0.00799801,70.25,163.995,99.7876,136.499,False
2024-12-30,0.003,-0.016,71.15,163.736,99.7758,135.752,False
2024-12-31,0.002,-0.001,71.86,162.522,101.086,135.272,False
2025-01-02,0.001,-0.001,73.11,159.049,102.266,133.938,False
2025-01-03,,,74.07,159.202,103.222,134.098,False
2025-01-06,,,73.42,162.318,102.75,136.499,False
2025-01-07,,,73.69,162.509,103.776,137.513,False
2025-01-08,,,72.66,164.566,103.882,137.513,False
2025-01-10,,,75.69,170.129,104.307,139.915,False
2025-01-13,,,77.21,165.776,106.502,136.766,False
2025-01-14,,,76.88,169.408,107.647,139.541,False
2025-01-15,,,79.14,167.683,109.24,138.901,False
2025-01-16,,,77.9,167.959,110.031,138.794,False
2025-01-17,,,77.38,167.72,110.88,139.755,False
2025-01-21,,,75.87,173.434,110.314,143.063,False
2025-01-22,,,75.41,170.388,108.308,141.302,False
2025-01-23,0.13,,74.26,167.28,108.803,140.181,False
2025-01-24,0.15,0.02,74.59,168.814,107.753,140.075,False
2025-01-27,0.13,-0.02,73.08,170.559,106.632,141.302,False
2025-01-28,,,73.94,162.757,105.617,138.847,False
2025-01-29,0.14,0.01,73.01,164.38,105.853,139.701,False
2025-01-30,0.13,-0.00999994,73.23,165.542,106.396,140.715,False
2025-01-31,0.179804,0.00999994,73.8,164.366,103.422,138.901,False
2025-02-03,0.997322,0.817399,72.32,161.063,104.071,136.926,True
2025-02-04,0.15,0.02,72.72,164.961,106.254,139.114,False
2025-02-05,0.16,0.01,71.14,164.531,106.479,138.1,False
2025-02-06,0.14,-0.02,70.51,166.276,104.52,138.847,False
2025-02-07,0.16,0.02,71.06,167.713,104.508,140.982,False
2025-02-10,0.14,-0.02,72.46,163.371,106.809,139.274,False
2025-02-11,0.130001,-0.00999943,72.96,160.051,107.671,137.14,False
2025-02-12,0.14,0.00999943,71.06,162.214,105.074,137.94,False
2025-02-13,,,71.36,159.447,105.865,135.912,False
2025-02-14,,,70.55,163.156,106.29,137.727,False
2025-02-18,0.17,0.0299999,71.77,166.098,107.741,138.314,False
2025-02-19,0.19,0.0200001,72.11,166.317,108.591,137.994,False
2025-02-20,0.21,0.02,72.58,164.066,109.582,136.98,False
2025-02-21,,,70.23,156.147,107.305,131.537,False
2025-02-24,0.17,-0.04,70.9,157.93,107.328,132.818,False
2025-02-25,0.16,-0.01,69.09,155.687,105.782,131.75,False
2025-02-26,,,68.82,157.533,105.181,132.231,False
2025-02-27,0.16,0,70.12,152.984,105.747,129.349,False
2025-02-28,0.19,0.0299999,69.94,154.142,107.387,130.416,False
2025-03-03,0.16,-0.0299999,68.46,150.528,103.635,127.695,False
2025-03-04,0.16,-2.77556e-17,68.02,142.441,102.632,123.372,False
2025-03-05,0.17,0.00999999,66.39,148.34,101.133,127.908,False
2025-03-06,,,66.27,141.398,101.44,124.12,False
2025-03-07,,,67.04,138.544,103.174,122.892,False
2025-03-10,0.17,1.292e-08,65.59,129.819,103.941,117.129,False
2025-03-11,0.2,0.03,66.26,128.047,103.115,115.155,False
2025-03-12,0.2,0,67.38,124.22,103.587,113.074,False
2025-03-13,,,66.47,122.548,102.879,112.06,False
2025-03-14,,,66.92,126.721,105.924,115.528,False
2025-03-17,0.21,0.00999999,67.26,128.734,107.612,117.663,False
2025-03-18,0.699927,-0.00999999,66.55,125.656,107.789,115.528,False
2025-03-19,0.549987,-0.25999,67.04,130.122,109.547,118.677,True
2025-03-20,0.37,-0.18,68.36,128.424,109.948,117.449,True
2025-03-21,0.389999,0.02,68.29,129.013,109.181,117.289,False
2025-03-24,0.28919,-0.0982456,69.16,133.84,109.57,121.238,False
2025-03-25,0.991999,0.701999,69.19,132.104,110.019,120.011,True
2025-03-26,0.988999,-0.00300002,69.93,130.671,110.668,119.104,False
2025-03-27,0.992525,0.00399757,69.91,126.833,109.594,116.275,False
2025-03-28,0.998941,0.00599955,69.03,122.43,109.075,112.753,False
2025-03-31,0.567494,0.00553923,71.39,119.706,110.278,110.832,False
2025-04-01,0.22,-1.11022e-16,71.14,117.027,110.928,109.072,False
2025-04-02,0.22,1.11022e-16,70.68,120.982,111.081,111.74,False
2025-04-03,,,66.63,106.182,102.36,102.028,False
2025-04-04,0.23,0.01,62.31,101.286,92.9431,96.3714,False
2025-04-07,0.21,-0.0199997,60.95,102.382,92.3413,96.158,False
2025-04-08,0.21,-3.002e-07,57.76,96.0477,90.2053,92.6894,False
2025-04-09,0.24,0.03,62.13,116.735,97.1914,108.645,False
2025-04-10,0.24,-1.11022e-16,59.76,102.709,90.8426,99.1996,False
2025-04-11,,,60.9,105.275,93.0965,101.868,False
2025-04-14,0.21,-0.03,61.06,104.13,93.427,100.694,False
2025-04-15,0.2,-0.01,60.96,105.023,93.2853,101.708,False
2025-04-16,,,61.94,102.37,94.0524,100.534,False
2025-04-17,0.2,5.55112e-17,63.73,103.743,96.1765,100.747,False
2025-04-21,0.2,-2.77556e-17,62.69,100.745,93.663,98.1857,False
2025-04-22,0.17,-0.0299997,63.52,103.343,96.0467,100.48,False
2025-04-23,,,62.26,106.057,95.8697,102.508,False
2025-04-24,0.18,0.00999969,62.77,106.298,97.4038,104.376,False
2025-04-25,0.2,0.02,63.17,106.073,97.2268,104.109,False
2025-04-28,0.21,0.00999999,61.88,108.023,97.9113,105.123,False
2025-04-29,,,60.12,109.372,97.628,105.39,False
2025-04-30,0.19,-0.02,58.21,110.731,94.9965,105.763,False
2025-05-01,0.17,-0.02,58.98,111.461,95.3505,106.403,False
2025-05-02,0.16,-0.01,58.4,118.417,96.743,111.419,False
2025-05-05,0.15,-0.01,57.22,119.951,94.9965,112.273,False
2025-05-06,0.13,-0.02,58.99,118.069,95.0201,111.046,False
2025-05-07,0.12,-0.00999999,57.94,119.665,95.0555,112.7,False
2025-05-08,,,59.84,126.087,96.3063,116.435,False
2025-05-09,,,60.58,125.761,97.274,116.542,False
2025-05-12,0.15,0.03,61.54,128.891,99.8112,120.331,False
2025-05-13,,,63.18,132.87,101.215,123.319,False
2025-05-14,,,62.42,130.29,100.602,120.704,False
2025-05-15,,,61.22,128.718,101.027,120.064,False
2025-05-16,0.15,-2.4e-09,61.92,131.041,100.873,121.345,False
2025-05-19,0.15,-3.6e-09,62.14,130.712,99.5634,121.505,False
2025-05-20,0.19,0.04,62.24,129.418,98.6429,120.438,False
2025-05-21,0.19,4.64032e-08,61.33,124.37,96.8256,116.756,False
2025-05-22,0.19,-6.00775e-09,60.8,125.643,96.448,117.93,False
2025-05-23,0.28,0.09,61.75,124.711,96.7548,116.969,False
2025-05-27,0.17,-0.11,61.06,131.112,97.5926,121.558,True
2025-05-28,0.2,0.03,61.86,129.163,96.3536,120.864,False
2025-05-29,0.19,-0.01,60.91,129.407,97.0734,121.345,False
2025-05-30,0.19,3.72601e-07,60.78,128.906,96.2119,121.238,False
2025-06-02,0.18,-0.0100004,63.02,130.175,97.4746,121.718,False
2025-06-03,,,63.33,129.768,98.6311,121.878,False
2025-06-04,,,62.73,129.072,96.7076,121.558,False
2025-06-05,,,63.25,127.71,96.6132,120.544,False
2025-06-06,0.18,0,64.77,132.608,98.4305,124.066,False
2025-06-09,0.22,0.04,65.37,132.038,98.6193,124.44,False
2025-06-10,0.24,0.02,63.65,133.087,100.378,125.08,False
2025-06-11,0.27,0.03,67,126.931,101.829,120.971,False
2025-06-12,0.259853,0.12,67.45,125.291,102.183,119.637,True
2025-06-13,0.485534,0.183139,71.51,119.913,103.965,115.475,True
2025-06-16,0.597366,0.00621571,70.04,124.487,103.658,119.21,False
2025-06-17,0.371169,0.167072,73.74,118.648,104.626,115.582,True
2025-06-18,0.264,-0.121343,73.1,118.334,103.941,115.422,True
2025-06-20,0.189641,-0.0407497,74.03,118.01,105.004,115.101,False
2025-06-23,0.129149,-0.0169407,67.21,120.743,101.522,117.343,False
2025-06-24,0.0597314,-0.0735192,65,124.287,100.201,120.918,False
2025-06-25,0.0287263,-0.0167488,64.92,121.594,99.764,118.997,False
2025-06-26,0.0295039,-0.00440035,65.21,122.478,101.192,120.758,False
2025-06-27,0.0187099,-0.00220595,65.07,124.344,100.661,122.252,False
2025-06-30,0.0238876,-0.010332,64.96,124.165,100.083,122.572,False
2025-07-01,0.0139557,-0.00232529,65.52,126.41,100.85,125.027,False
2025-07-02,0.144322,0.00829654,67.52,128.429,102.584,126.948,False
2025-07-03,0.197536,0.0491788,67.16,129.288,102.738,128.709,False
2025-07-07,0.14618,-0.0486109,66.46,127.266,101.711,127.054,False
2025-07-08,0.147205,0.000279489,66.83,127.437,104.449,127.748,False
2025-07-09,0.140835,0.01,66.91,126.875,103.918,127.375,False
2025-07-10,0.145823,-0.01,65.58,140.393,104.709,136.66,False
2025-07-11,0.15,3.42857e-09,67.34,136.303,105.181,133.565,False
2025-07-14,0.137028,-0.00966978,65.65,137.976,104.024,134.899,False
2025-07-15,0.0878477,1.08497e-08,65.55,134.961,102.525,132.177,False
2025-07-16,0.117446,-0.00843081,65.36,136.629,101.64,132.924,False
2025-07-17,0.129961,-4.33595e-06,66.3,138.318,102.266,133.938,False
2025-07-18,0.14,0.01,66.02,137.9,101.44,133.351,False
2025-07-21,0.11718,-0.00857544,65.77,137.2,100.389,133.511,False
2025-07-22,0.159991,0.0299982,65.45,137.854,100.861,134.205,False
2025-07-23,0.129436,-0.0297886,65.43,139.676,102.443,136.339,False
2025-07-24,0.129011,-0.000109904,66.16,131.453,103.174,130.309,False
2025-07-25,0.129896,-1.04138e-05,65.07,132.568,102.785,131.163,False
2025-07-28,0.117468,-0.00965416,66.96,133.703,103.953,131.697,False
2025-07-29,0.129827,0.00997878,69.27,132.956,104.968,129.402,False
2025-07-30,0.123683,0.00922298,70.3,131.289,103.469,128.335,False
2025-07-31,0.116885,-0.00961427,69.36,130.385,102.915,127.801,False
2025-08-01,0.0998472,-0.029958,67.26,125.475,101.003,123.372,False
2025-08-04,0.0799604,-0.0199859,66.22,127.894,100.779,125.934,False
2025-08-05,0.0887392,0.00980187,65.17,129.358,100.909,125.827,False
2025-08-06,0.0827189,-0.01,64.26,130.433,99.9764,127.108,False
2025-08-07,0.0932223,0.00546568,63.8,129.488,99.587,125.88,False
2025-08-08,0.170186,0.00179544,63.34,129.312,100.224,126.361,False
2025-08-11,0.0867936,-0.0177156,63.14,128.015,99.4218,125.454,False
2025-08-12,0.0473089,0.00222567,62.38,140.684,99.9056,134.632,False
2025-08-13,0.0799764,0.0196918,62.03,144.07,101.062,137.193,False
2025-08-14,0.115011,-0.0223742,63.02,142.434,100.968,135.539,False
2025-08-15,0.0852432,0.00424631,62.29,145.504,100.968,136.926,False
2025-08-18,0.0964418,0.00533737,62.58,145.877,100.366,137.193,False
2025-08-19,0.101909,-0.0021346,61.99,146.213,100.401,137.3,False
2025-08-20,0.0973525,-0.00630535,62.84,142.869,101.239,134.578,False
2025-08-21,0.0810509,-0.0145827,63.48,140.529,101.935,133.084,False
2025-08-22,0.0397781,-0.0248715,63.77,149.927,104.012,139.915,False
2025-08-25,0.079414,-0.00181637,64.74,147.659,104.284,137.567,False
2025-08-26,0.0674339,-0.00100474,63.29,149.796,104.118,140.021,False
2025-08-27,0.0810644,0.0232784,63.85,150.154,105.287,139.434,False
2025-08-28,0.103956,-0.00421649,64.31,150.981,106.089,140.395,False
2025-08-29,0.0906811,-0.0105478,64,151.47,106.667,140.395,False
2025-09-02,0.0697861,0.00185101,65.6,151.251,106.821,140.181,False
2025-09-03,0.0917636,-0.0338078,63.76,151.602,104.425,141.089,False
2025-09-04,0.0776285,-0.012659,63.33,147.713,105.122,138.581,False
2025-09-05,0.0704031,-0.00915706,61.28,148.8,103.092,139.434,False
2025-09-08,0.0787268,0.00802053,61.8,150.016,102.856,139.434,False
2025-09-09,0.08,0.000823588,62.18,147.41,103.351,137.513,False
2025-09-10,0.066513,0.00103746,63.17,148.196,105.157,138.42,False
2025-09-11,0.0718367,-0.00816334,61.73,150.034,105.181,140.448,False
2025-09-12,0.0764432,0.00230556,62.1,148.125,104.555,138.687,False
2025-09-15,0.0658578,-0.0195699,62.74,143.815,104.201,137.353,False
2025-09-16,0.0990121,0.0182403,63.82,143.543,105.948,137.14,False
2025-09-17,0.0794387,0.00522303,63.26,145.162,106.195,137.94,False
2025-09-18,0.0768244,0.00401248,62.93,145.351,105.865,138.26,False
2025-09-19,0.0536563,-0.00531896,61.94,145.271,104.461,137.673,False
2025-09-22,0.0654595,-0.0184903,61.94,143.088,103.458,137.247,False
2025-09-23,0.0881884,0.0193628,63.17,143.238,105.24,136.98,False
2025-09-24,0.0649335,-0.0192119,64.23,141.092,106.608,135.112,False
2025-09-25,0.0760328,0.00929476,64.58,136.973,107.564,132.124,False
2025-09-26,0.0692487,-0.000296124,64.65,137.328,108.556,132.978,False
2025-09-29,0.0794879,0.00716695,62.73,137.879,106.561,133.671,False
2025-09-30,0.0273021,-0.00915812,62.02,135.247,105.428,131.537,False
2025-10-01,0.069977,-0.0199921,61.41,132.852,105.428,130.896,False
2025-10-02,0.08,0.01,60.34,134.283,104.366,132.124,False
2025-10-03,0.06,-0.02,60.35,135.626,104.921,133.244,False
2025-10-06,0.0600003,3.00391e-07,61.37,136.862,105.44,134.098,False
2025-10-07,0.07,0.0099997,61.59,135.264,105.605,132.124,False
2025-10-08,0.06,-0.01,61.78,136.191,104.992,132.924,False
2025-10-09,0.07,0.01,61.04,136.347,103.564,132.497,False
2025-10-10,0.05,-0.02,57.82,132.147,100.566,129.189,False
2025-10-13,0.05,1.9e-09,59.14,135.3,101.935,131.43,False
2025-10-14,0.05,-1.9e-09,58.17,141.426,101.924,135.592,False
2025-10-15,0.06,0.01,58.29,142.41,101.865,136.233,False
2025-10-16,0.06,1.11022e-16,56.94,137.846,100.637,133.084,False
2025-10-17,0.0500005,-0.00999952,57.23,137.124,101.463,132.657,False
2025-10-20,0.05,-4.75001e-07,56.92,140.27,102.537,136.019,False
2025-10-21,0.06,0.01,57.57,140.925,102.301,136.66,False
2025-10-22,0.04,-0.02,59.38,137.193,103.611,134.418,False
2025-10-23,0.04,1.11156e-09,61.75,135.69,104.992,133.084,False
2025-10-24,0.06,0.02,61.43,138.182,103.93,136.286,False
2025-10-27,0.05,-0.01,61.54,138.579,104.177,135.966,False
2025-10-28,0.06,0.01,60.17,130.993,103.092,131.697,False
2025-10-29,0.0500005,-0.00999952,60.35,130.66,103.859,130.896,False
2025-10-30,0.03,-0.0200005,60.28,128.459,103.245,129.349,False
2025-10-31,0.042,0.012,60.87,130.348,104,131.43,False
2025-11-03,0.027,-0.015,61.01,131.244,104.012,132.391,False
2025-11-04,0.055,0.028,60.42,126.415,102.891,128.015,False
2025-11-05,0.041,-0.014,59.62,133.377,103.163,133.778,False
2025-11-06,0.0381233,-0.004,59.52,131.766,104.166,131.804,False
2025-11-07,0.0340796,-0.00298797,59.82,135.895,105.664,134.685,False
2025-11-10,0.0360119,0.00199972,59.93,134.702,106.62,134.152,False
2025-11-11,0.0370167,0.00100161,60.98,132.584,108.013,132.978,False
2025-11-12,0.036,-0.001,58.47,137.563,106.502,137.086,False
2025-11-13,0.032,-0.004,58.53,134.847,106.774,134.365,False
2025-11-14,0.0362692,0.00411756,59.8,132.075,108.591,132.711,False
2025-11-17,0.0364802,-0.00294101,59.65,126.437,106.608,128.015,False
2025-11-18,0.0468785,0.00140899,60.57,127.907,107.458,128.922,False
2025-11-19,0.0341577,0.000929245,59.41,127.205,106.066,128.335,False
2025-11-20,0.031278,-0.00301508,58.76,125.37,104.862,126.361,False
2025-11-21,0.031,2.77556e-17,57.97,130.523,105.523,130.79,False
2025-11-24,0.0315096,0.000161772,58.88,133.328,105.228,133.458,False
2025-11-25,0.0306441,-0.00207267,58.1,137.357,104.567,137.193,False
2025-11-26,0.0312703,-0.000284398,58.55,141.504,105.358,140.128,False
2025-11-28,0.0230073,-0.00699708,58.48,142.017,106.75,140.395,False
2025-12-01,0.0200957,-0.00306079,59.5,140.956,107.765,139.808,False
2025-12-02,0.021,0.001,58.58,143.544,106.372,142.209,False
2025-12-03,0.017,-0.004,59.1,148.36,108.367,144.717,False
2025-12-04,0.0200015,0.0030001,59.7,147.877,108.827,143.597,False
2025-12-05,0.02,9.36751e-17,60.13,152.045,108.827,146.371,False
2025-12-08,0.014,-0.006,58.84,152.746,107.642,146.371,False
2025-12-09,0.0132445,-0.00342796,58.39,153.768,108.306,146.638,False
2025-12-10,0.00901613,-0.00200066,58.76,158.042,109.443,149.626,False
2025-12-11,0.286686,0.23827,57.74,158.401,108.922,150.747,True
2025-12-12,0.258863,-0.0772342,57.34,157.714,107.855,150.907,False
2025-12-15,0.126451,-0.123718,56.52,159.461,107.097,152.134,True
2025-12-16,0.184751,0.0244425,55.07,162.566,103.826,153.415,False
2025-12-17,0.268678,0.0677357,56.73,158.373,106.125,151.067,False
2025-12-18,0.240412,-0.018521,55.9,159.321,104.585,152.295,False
2025-12-19,0.345772,0.114813,56.53,160.971,104.585,153.362,True
2025-12-22,0.855255,0.521932,57.95,164.937,104.774,155.816,True
2025-12-23,0.365537,-0.0589841,58.46,159.737,105.462,153.042,False
2025-12-24,0.329562,0.0566009,58.39,160.456,105.154,152.295,False
2025-12-26,0.16568,-0.123302,56.92,159.473,104.751,151.601,True
2025-12-29,0.0903182,-0.162962,57.81,156.228,105.746,149.68,True
2025-12-30,0.0757639,-0.0297422,57.95,156.857,106.552,149.893,False
2025-12-31,0.112094,-0.0291153,57.4,156.849,105.959,149.787,False
2026-01-02,0.059673,-0.064793,57.32,158.1,108.187,150.961,False
2026-01-05,0.643038,0.406744,58.34,162.35,111.126,154.803,True
2026-01-06,0.609204,-0.0969372,56.95,163.751,108.163,155.55,False
2026-01-07,0.962972,0.395592,56.29,163.264,106.955,154.909,True
2026-01-08,0.683499,0.107956,58.25,161.987,110.32,154.749,True
2026-01-09,0.850954,0.455186,58.61,165.84,110.604,157.257,True
2026-01-12,0.964178,0.281688,59.65,162.152,109.822,156.083,True
2026-01-13,0.209519,0.0753122,60.86,159.069,111.387,153.469,False
2026-01-14,0.222931,-0.0209333,60.89,157.104,113.899,151.547,False
2026-01-15,0.855253,-0.0648623,59.15,162.546,112.832,155.016,False
2026-01-16,0.192228,-0.0342834,59.22,163.419,113.022,154.803,False
2026-01-20,0.287082,-0.0862035,59.5,157.153,112.808,150.907,False
2026-01-21,0.740616,0.353713,60.67,161.812,115.534,154.482,True
2026-01-22,0.321549,-0.0293099,59.66,160.496,115.913,154.109,False
2026-01-23,0.29942,0.0234394,61.29,159.09,116.577,152.401,False
2026-01-26,0.0526564,-0.0832151,60.82,157.228,116.648,151.121,False
2026-01-27,0.160546,0.0117966,62.56,152.772,117.714,148.666,False
2026-01-28,0.144946,-0.00347915,63.49,154.313,118.615,147.759,False
2026-01-29,0.196703,0.0546352,65.49,159.803,119.705,151.654,False
2026-01-30,0.353216,-0.010112,65.74,155.992,120.985,149.146,False
2026-02-02,0.0930115,-0.0879716,62.32,163.512,118.615,154.376,False
2026-02-03,0.119087,-0.00251136,63.9,169.273,122.454,156.617,False
2026-02-04,0.134612,0.0200114,64.46,173.195,125.203,159.072,False
2026-02-05,0.118063,-0.00823303,63.11,171.212,123.734,157.257,False
2026-02-06,0.118693,0.00113541,63.49,182.934,126.199,166.275,False
2026-02-09,0.395679,0.197798,64.41,181.293,127.123,165.368,True
2026-02-10,0.184137,-0.00586077,64.19,180.469,126.981,164.781,False
2026-02-11,0.176288,0.0105384,64.89,173.817,130.299,159.392,False
2026-02-12,0.146681,0.0205838,62.73,169.106,127.929,156.51,False
2026-02-13,0.246854,-0.00461511,62.67,169.904,128.805,156.67,False
2026-02-17,0.452381,0.23692,62.2,176.389,127.384,160.993,True
2026-02-18,0.284201,0.0512174,64.93,178.177,129.825,161.686,False
2026-02-19,0.201614,-0.0492295,66.67,167.342,130.773,155.283,False
2026-02-20,0.198456,-0.0126616,66.32,169.955,130.062,157.257,False
2026-02-23,0.2646,-0.0372575,66.28,163.705,130.701,152.134,False
2026-02-24,0.936432,0.617618,66.08,166.914,130.583,153.789,True
2026-02-25,0.22789,0.000128397,65.56,167.173,130.038,154.269,False
2026-02-26,0.237714,-0.032014,65.45,172.036,130.464,158.111,False
2026-02-27,0.259781,0.0324625,67.29,161.652,132.526,151.814,False
2026-03-02,0.724659,0.457364,70.99,156.61,135.181,147.812,True
2026-03-03,0.442159,-0.277476,74.8,155.152,133.948,146.371,True
2026-03-04,0.798505,0.36328,76.09,152.918,133.166,145.784,True
2026-03-05,0.654893,-0.145416,78.89,142.632,133.853,139.168,True
2026-03-06,0.794913,0.142099,91.3,137.227,134.067,135.272,True
2026-03-09,0.95292,0.158538,85.03,140.457,133.474,137.513,True
2026-03-10,0.988749,0.0294821,84.82,137.247,131.768,135.272,False
2026-03-11,0.98037,-0.000163288,87.07,135.878,135.038,134.578,False
2026-03-12,0.9854,-0.000717378,95.1,128.876,136.294,129.242,False
2026-03-13,0.989703,-0.000152348,97.2,128.206,136.745,128.335,False
2026-03-16,0.475635,-0.0018642,93.19,132.047,137.219,131.163,False
2026-03-17,0.175962,-0.0314044,95.27,135.496,138.664,133.778,False
2026-03-18,0.130684,0.00374596,99,132.916,138.475,131.217,False
2026-03-19,0.186465,0.00874167,94.56,134.402,140.679,131.75,False
2026-03-20,0.147124,0.00355435,98.01,130.256,140.56,128.549,False
2026-03-23,0.163041,-0.0243774,88.88,135.038,141.319,133.031,False
2026-03-24,0.15993,0.00679981,88.37,134.828,144.186,132.497,False
2026-03-25,0.193223,0.00231111,91.28,138.87,143.546,135.005,False
2026-03-26,0.171764,0.00562791,93.76,136.612,145.798,133.458,False
2026-03-27,0.13761,-0.0110296,101.15,129.66,148.263,128.762,False
2026-03-30,0.211915,-0.0196615,104.98,125.764,146.841,126.147,False
2026-03-31,0.20984,-0.0246106,101.52,133.55,145.182,131.43,False
2026-04-01,0.39444,0.00963028,98.85,137.033,139.755,134.845,False
2026-04-02,0.44897,0.148782,112.04,134.743,140.418,133.031,True
2026-04-06,0.464435,0.00474812,112.56,135.558,141.437,133.351,False
2026-04-07,0.285332,0.0190623,110.32,133.655,142.575,132.284,False
2026-04-08,0.279767,-0.00926029,96.5,143.16,137.574,139.755,False
2026-04-09,0.16785,-0.00624177,97.93,142.689,135.868,139.328,False
2026-04-10,0.201937,-0.00914164,95.62,140.733,134.944,138.154,False
2026-04-13,0.247324,0.0481047,97.96,140.449,135.346,137.727,False
2026-04-14,0.505107,0.05975,92.02,151.025,132.597,143.81,False
2026-04-15,0.178898,0.00811467,91.39,150.942,132.147,144.184,False
2026-04-16,0.166962,-0.0121034,93.18,148.483,134.09,142.102,False
2026-04-17,0.388276,0.169999,85.56,157.356,130.393,148.986,True
2026-04-20,0.192947,-0.0347007,87.61,153.166,130.512,147.012,False
2026-04-21,0.23294,0.00194767,90.21,148.309,132.408,142.743,False
2026-04-22,0.389205,-0.0437116,92.86,142.657,133.996,138.1,False
2026-04-23,0.348748,-0.00377943,96.98,143.154,135.038,137.247,False
2026-04-24,0.378288,-0.0175985,94.86,145.702,134.778,138.741,False
2026-04-27,0.0983808,-0.0228021,96.68,141.522,134.541,136.233,False
2026-04-28,0.17938,0.0345864,99.62,140.509,136.768,134.899,False
