date,WTI收盘,70.0,75.0,80.0,90.0,95.0,100.0,105.0,110.0,120.0,130.0,140.0,150.0,180.0,200.0
2026-03-02,70.99,,0.86,0.63,0.38,0.31,0.24,0.205,0.17,0.13,0.109667,0.0893333,0.069,,
2026-03-03,74.8,,0.906,0.67,0.34,0.295,0.25,0.2,0.15,0.07,0.0586667,0.0473333,0.036,,
2026-03-04,76.09,,0.909,0.71,0.37,0.28,0.19,0.155,0.12,0.08,0.066,0.052,0.038,,
2026-03-05,78.89,,,,0.59,0.505,0.42,0.325,0.23,0.17,0.131333,0.0926667,0.054,,
2026-03-06,91.3,,,,,,0.75,0.64,0.5,0.35,0.26,0.18,0.119,0.062,0.046
2026-03-09,85.03,,,,,,0.579,0.49,0.312,0.25,0.19,0.12,0.096,0.036,0.029
2026-03-10,84.82,,,,,,0.659,0.63,0.41,0.32,0.19,0.14,0.091,0.04,0.028
2026-03-11,87.07,,,,,,0.644,0.557,0.396,0.28,0.16,0.13,0.091,0.045,0.03
2026-03-12,95.1,,,,,,0.852,0.733,0.6,0.41,0.28,0.19,0.138,0.06,0.041
2026-03-13,97.2,,,,,,0.893,0.78,0.641,0.41,0.28,0.2,0.116,0.047,0.032
2026-03-16,93.19,,,,,,0.742,0.634,0.48,0.28,0.19,0.12,0.069,0.025,0.019
2026-03-17,95.27,,,,,,0.754,0.564,0.396,0.21,0.1,0.07,0.054,0.018,0.012
2026-03-18,99,,,,,,0.856,0.69,0.474,0.31,0.18,0.12,0.094,0.0340004,0.026
2026-03-19,94.56,,,,,,0.71,0.493,0.304,0.18,0.1,0.048,0.033,0.015,0.012
2026-03-20,98.01,,,,,,0.77,0.543,0.318,0.18,0.09,0.047,0.024,0.013,0.011
2026-03-23,88.88,,,,,,0.382,0.248,0.119,0.09,0.06,0.031,0.013,0.009,0.007
2026-03-24,88.37,,,,,,0.269,0.167,0.098,0.06,0.03,0.02,0.014,0.00600029,0.006
2026-03-25,91.28,,,,,0.57,0.336,0.225,0.113,0.047,0.023,0.023,0.01,0.00572037,0.00572037
2026-03-26,93.76,,,,,0.67,0.359,0.202,0.1,0.052,0.0140001,0.012,0.009,0.005,0.004
2026-03-27,101.15,,,,,,0.826,0.438,0.24,0.075,0.033,0.018,0.011,0.004,0.004
2026-03-30,104.98,,,,,,,0.526,0.127,0.017,0.005,0.003,0.001,0.001,0.001
