k,signal,airline_ret_pct
0,-0.248121,-3.32384
0,1.86081,-1.76301
0,0.63689,-0.925675
0,6.45161,2.01216
0,31.8406,-4.21468
0,-21.5084,1.04338
0,-0.335694,-0.904995
0,3.33721,-0.450659
0,7.4285,-0.173184
0,-0.550928,-1.19664
0,-6.0177,0.143385
0,-6.01266,-0.257497
0,4.79107,-4.3345
0,-5.70974,-1.17981
0,6.35841,-5.84004
0,4.45416,-0.769385
0,0.356587,0.662984
0,4.52625,-0.122393
1,-0.248121,-1.76301
1,1.86081,-0.925675
1,0.63689,2.01216
1,6.45161,-4.21468
1,31.8406,1.04338
1,-21.5084,-0.904995
1,-0.335694,-0.450659
1,3.33721,-0.173184
1,7.4285,-1.19664
1,-0.550928,0.143385
1,-6.0177,-0.257497
1,-6.01266,-4.3345
1,4.79107,-1.17981
1,-5.70974,-5.84004
1,6.35841,2.45091
1,4.45416,0.662984
1,0.356587,-0.122393
1,4.52625,-1.22271
